{"cameraMode":{"drawMode":0,"name":"Shaded","section":"Shading Mode"},"sceneLighting":true,"audioPlay":false,"sceneViewState":{"showFog":true,"showMaterialUpdate":false,"showSkybox":true,"showFlares":true,"showImageEffects":true,"showParticleSystems":true,"showVisualEffectGraphs":true,"m_FxEnabled":true},"in2DMode":false,"pivot":{"x":-195.11769104003907,"y":617.3574829101563,"z":-1489.9339599609375},"rotation":{"x":0.1396607905626297,"y":0.0011875084601342679,"z":-0.0002794118772726506,"w":0.9902486205101013},"size":220.21290588378907,"orthographic":false}