{"cameraMode":{"drawMode":0,"name":"Shaded","section":"Shading Mode"},"sceneLighting":true,"audioPlay":false,"sceneViewState":{"showFog":true,"showMaterialUpdate":false,"showSkybox":true,"showFlares":true,"showImageEffects":true,"showParticleSystems":true,"showVisualEffectGraphs":true,"m_FxEnabled":true},"in2DMode":false,"pivot":{"x":0.09583556652069092,"y":-0.11891424655914307,"z":4.2079620361328129},"rotation":{"x":0.22537092864513398,"y":0.3991168141365051,"z":-0.10186219960451126,"w":0.8829869627952576},"size":5.122725486755371,"orthographic":false}