{"cameraMode":{"drawMode":0,"name":"Shaded","section":"Shading Mode"},"sceneLighting":true,"audioPlay":false,"sceneViewState":{"showFog":true,"showMaterialUpdate":false,"showSkybox":true,"showFlares":true,"showImageEffects":true,"showParticleSystems":true,"showVisualEffectGraphs":true,"m_FxEnabled":true},"in2DMode":false,"pivot":{"x":274.89935302734377,"y":2521.597900390625,"z":2427.069091796875},"rotation":{"x":-0.006274175830185413,"y":-0.9859570860862732,"z":-0.16326995193958283,"w":0.03822295740246773},"size":10.235237121582032,"orthographic":false}