{"cameraMode":{"drawMode":0,"name":"Shaded","section":"Shading Mode"},"sceneLighting":true,"audioPlay":false,"sceneViewState":{"showFog":false,"showMaterialUpdate":false,"showSkybox":true,"showFlares":false,"showImageEffects":false,"showParticleSystems":false,"showVisualEffectGraphs":true,"m_FxEnabled":true},"in2DMode":false,"pivot":{"x":-2.2403764724731447,"y":0.637357234954834,"z":-3.417773485183716},"rotation":{"x":0.0062959278002381329,"y":0.04196629300713539,"z":0.0002804020477924496,"w":-0.9991771578788757},"size":6.859885215759277,"orthographic":false}